date_GMT;home_team_name;away_team_name;home_team_goal_count;away_team_goal_count;total_goal_count;home_team_corner_count;away_team_corner_count;home_team_yellow_cards;home_team_red_cards;away_team_yellow_cards;away_team_red_cards;stadium_name
Jan 26 2019 - 12:45am;Patriotas Boyacá;Independiente Medellín;2;1;3;2;5;5;0;3;0;Estadio de La Independencia
Jan 26 2019 - 7:00pm;La Equidad;Atlético Huila;2;0;2;8;4;1;0;2;0;Estadio Metropolitano de Techo
Jan 26 2019 - 9:00pm;Unión Magdalena;Jaguares de Córdoba;3;4;7;10;3;2;0;4;0;Estadio Sierra Nevada
Jan 26 2019 - 11:00pm;Cúcuta Deportivo;Rionegro Águilas;3;0;3;5;2;3;0;3;0;Estadio General Santander
Jan 26 2019 - 11:00pm;Atlético Nacional;Once Caldas;0;0;0;7;2;1;0;3;0;Estadio Atanasio Girardot
Jan 27 2019 - 1:00am;Deportivo Cali;Atlético Bucaramanga;2;0;2;4;5;2;0;2;0;Estadio Deportivo Cali
Jan 27 2019 - 11:00pm;Alianza Petrolera;América de Cali;1;2;3;8;3;2;0;5;0;Estadio Daniel Villa Zapata
Jan 27 2019 - 11:00pm;Santa Fe;Deportivo Pasto;1;1;2;7;3;2;0;2;0;Estadio Nemesio Camacho El Campín
Jan 28 2019 - 1:00am;Envigado;Millonarios;0;1;1;3;1;3;0;3;0;Estadio Polideportivo Sur
Jan 29 2019 - 11:00pm;Atlético Huila;Unión Magdalena;1;1;2;5;7;5;0;2;0;Estadio Guillermo Plazas Alcid
Jan 30 2019 - 1:00am;Independiente Medellín;La Equidad;1;1;2;6;1;5;0;4;1;Estadio Atanasio Girardot
Jan 30 2019 - 8:15pm;Deportivo Pasto;Envigado;1;1;2;3;0;3;0;4;0;Estadio Municipal De Ipiales (Ipiales)
Jan 30 2019 - 11:00pm;Jaguares de Córdoba;Deportivo Cali;1;0;1;8;3;2;0;3;1;Estadio de Fútbol Jaraguay de Montería
Jan 30 2019 - 11:00pm;Santa Fe;Cúcuta Deportivo;1;2;3;3;6;2;0;3;0;Estadio Nemesio Camacho El Campín
Jan 31 2019 - 12:00am;Rionegro Águilas;Alianza Petrolera;0;1;1;7;4;5;1;4;0;Estadio Alberto Grisales
Jan 31 2019 - 1:00am;Atlético Bucaramanga;Atlético Nacional;0;1;1;3;4;5;1;3;0;Estadio Alfonso López
Jan 31 2019 - 1:00am;Junior;Patriotas Boyacá;3;1;4;4;2;1;0;3;2;Estadio Metropolitano Roberto Meléndez
Jan 31 2019 - 11:00pm;Once Caldas;Millonarios;1;0;1;3;7;2;0;3;0;Estadio Palogrande
Feb 01 2019 - 1:00am;América de Cali;Deportes Tolima;3;1;4;6;8;3;0;3;0;Estadio Olímpico Pascual Guerrero
Feb 02 2019 - 8:15pm;Unión Magdalena;La Equidad;1;0;1;4;5;4;0;3;0;Estadio Sierra Nevada
Feb 02 2019 - 10:30pm;Deportivo Cali;Atlético Huila;1;1;2;3;9;5;1;3;0;Estadio Deportivo Cali
Feb 02 2019 - 11:00pm;Junior;Independiente Medellín;3;2;5;5;3;5;1;4;0;Estadio Metropolitano Roberto Meléndez
Feb 03 2019 - 12:45am;Atlético Nacional;Jaguares de Córdoba;1;0;1;4;1;1;0;2;1;Estadio Atanasio Girardot
Feb 03 2019 - 7:00pm;Deportivo Pasto;Once Caldas;1;2;3;7;7;4;0;5;0;Estadio Municipal De Ipiales (Ipiales)
Feb 03 2019 - 10:30pm;Cúcuta Deportivo;Envigado;1;1;2;6;2;0;0;3;0;Estadio General Santander
Feb 03 2019 - 11:00pm;Patriotas Boyacá;América de Cali;1;1;2;5;2;3;0;3;0;Estadio de La Independencia
Feb 04 2019 - 12:30am;Millonarios;Atlético Bucaramanga;2;0;2;4;2;4;0;3;0;Estadio Nemesio Camacho El Campín
Feb 05 2019 - 1:00am;Deportes Tolima;Rionegro Águilas;2;0;2;3;3;1;0;2;0;Estadio Metropolitano de Techo
Feb 06 2019 - 1:00am;Alianza Petrolera;Santa Fe;0;0;0;4;1;1;0;5;0;Estadio Daniel Villa Zapata
Feb 09 2019 - 12:45am;Atlético Bucaramanga;Deportivo Pasto;1;0;1;2;7;2;0;4;0;Estadio Alfonso López
Feb 09 2019 - 9:00pm;Jaguares de Córdoba;Millonarios;1;2;3;1;4;1;0;1;0;Estadio de Fútbol Jaraguay de Montería
Feb 09 2019 - 11:00pm;Envigado;Alianza Petrolera;1;0;1;4;4;2;0;4;0;Estadio Polideportivo Sur
Feb 09 2019 - 11:00pm;Santa Fe;Deportes Tolima;0;1;1;8;2;1;0;3;0;Estadio Nemesio Camacho El Campín
Feb 10 2019 - 1:00am;Independiente Medellín;Unión Magdalena;1;1;2;5;1;3;0;5;0;Estadio Atanasio Girardot
Feb 10 2019 - 9:00pm;La Equidad;Deportivo Cali;0;0;0;5;4;4;0;2;0;Estadio Metropolitano de Techo
Feb 10 2019 - 11:00pm;Atlético Huila;Atlético Nacional;1;1;2;7;6;4;0;2;0;Estadio Guillermo Plazas Alcid
Feb 10 2019 - 11:00pm;Rionegro Águilas;Patriotas Boyacá;2;1;3;7;4;4;1;4;1;Estadio Alberto Grisales
Feb 11 2019 - 1:00am;América de Cali;Junior;0;1;1;9;4;2;0;3;0;Estadio Olímpico Pascual Guerrero
Feb 12 2019 - 1:00am;Once Caldas;Cúcuta Deportivo;1;2;3;7;4;2;0;1;0;Estadio Palogrande
Feb 15 2019 - 12:30am;Deportivo Cali;Deportes Tolima;2;1;3;4;3;6;0;3;0;Estadio Deportivo Cali
Feb 16 2019 - 8:15pm;Millonarios;Atlético Huila;3;2;5;9;1;2;1;4;0;Estadio Nemesio Camacho El Campín
Feb 16 2019 - 10:00pm;América de Cali;Independiente Medellín;3;0;3;2;6;3;0;3;0;Estadio Olímpico Pascual Guerrero
Feb 16 2019 - 10:30pm;Alianza Petrolera;Once Caldas;1;1;2;5;4;2;0;6;0;Estadio Daniel Villa Zapata
Feb 17 2019 - 12:45am;Junior;Rionegro Águilas;1;1;2;7;6;3;0;3;0;Estadio Metropolitano Roberto Meléndez
Feb 17 2019 - 7:00pm;Deportivo Pasto;Jaguares de Córdoba;4;1;5;3;3;3;0;3;2;Estadio Municipal De Ipiales (Ipiales)
Feb 17 2019 - 9:00pm;Deportes Tolima;Envigado;2;0;2;2;5;3;1;2;0;Estadio Manuel Murillo Toro
Feb 17 2019 - 10:00pm;Cúcuta Deportivo;Atlético Bucaramanga;3;2;5;3;1;3;0;5;0;Estadio General Santander
Feb 17 2019 - 11:00pm;Patriotas Boyacá;Santa Fe;1;1;2;9;5;3;0;2;1;Estadio de La Independencia
Feb 18 2019 - 1:00am;Atlético Nacional;La Equidad;1;1;2;9;4;1;1;3;0;Estadio Atanasio Girardot
Feb 20 2019 - 12:30am;Deportivo Cali;Unión Magdalena;2;1;3;6;7;2;0;4;0;Estadio Deportivo Cali
Feb 21 2019 - 1:00am;Deportes Tolima;Junior;1;2;3;7;5;5;0;3;0;Estadio Manuel Murillo Toro
Feb 23 2019 - 12:45am;Atlético Huila;Deportivo Pasto;2;0;2;7;4;5;0;2;0;Estadio Guillermo Plazas Alcid
Feb 23 2019 - 7:00pm;Envigado;Patriotas Boyacá;0;0;0;4;2;4;0;1;0;Estadio Polideportivo Sur
Feb 23 2019 - 9:00pm;Jaguares de Córdoba;Cúcuta Deportivo;1;1;2;8;5;2;0;2;0;Estadio de Fútbol Jaraguay de Montería
Feb 23 2019 - 10:00pm;La Equidad;Millonarios;0;1;1;1;7;1;0;5;0;Estadio Metropolitano de Techo
Feb 23 2019 - 11:00pm;Atlético Bucaramanga;Alianza Petrolera;3;0;3;3;2;5;0;4;0;Estadio Alfonso López
Feb 24 2019 - 1:00am;Rionegro Águilas;América de Cali;1;2;3;9;4;3;0;4;0;Estadio Alberto Grisales
Feb 24 2019 - 8:30pm;Unión Magdalena;Atlético Nacional;1;0;1;5;1;2;0;1;0;Estadio Sierra Nevada
Feb 24 2019 - 10:00pm;Independiente Medellín;Deportivo Cali;1;1;2;7;3;2;0;5;1;Estadio Atanasio Girardot
Feb 24 2019 - 10:30pm;Once Caldas;Deportes Tolima;2;1;3;3;7;2;0;2;0;Estadio Palogrande
Feb 25 2019 - 12:30am;Santa Fe;Junior;3;3;6;5;1;4;0;2;0;Estadio Nemesio Camacho El Campín
Feb 26 2019 - 11:00pm;Alianza Petrolera;Jaguares de Córdoba;1;1;2;5;2;5;0;6;0;Estadio Daniel Villa Zapata
Feb 27 2019 - 1:00am;Cúcuta Deportivo;Atlético Huila;2;0;2;6;0;3;0;5;0;Estadio General Santander
Feb 27 2019 - 7:00pm;Deportivo Pasto;La Equidad;0;0;0;6;4;3;0;2;0;Estadio Municipal De Ipiales (Ipiales)
Feb 27 2019 - 9:00pm;Patriotas Boyacá;Once Caldas;1;0;1;0;2;1;0;0;0;Estadio de La Independencia
Feb 27 2019 - 11:00pm;Deportes Tolima;Atlético Bucaramanga;0;0;0;10;1;2;0;1;0;Estadio Manuel Murillo Toro
Feb 28 2019 - 1:00am;Junior;Envigado;0;0;0;3;1;3;1;3;0;Estadio Metropolitano Roberto Meléndez
Feb 28 2019 - 9:30pm;Rionegro Águilas;Independiente Medellín;0;1;1;4;7;3;0;2;0;Estadio Alberto Grisales
Feb 28 2019 - 11:30pm;América de Cali;Santa Fe;0;0;0;8;1;5;1;4;0;Estadio Olímpico Pascual Guerrero
Mar 01 2019 - 1:30am;Millonarios;Unión Magdalena;4;0;4;5;7;3;0;4;1;Estadio Nemesio Camacho El Campín
Mar 02 2019 - 8:15pm;Atlético Bucaramanga;Patriotas Boyacá;0;1;1;3;2;4;1;3;1;Estadio Alfonso López
Mar 02 2019 - 10:00pm;Once Caldas;Junior;0;1;1;9;2;1;0;2;0;Estadio Palogrande
Mar 02 2019 - 10:30pm;Jaguares de Córdoba;Deportes Tolima;0;4;4;4;0;2;0;3;0;Estadio de Fútbol Jaraguay de Montería
Mar 03 2019 - 12:45am;La Equidad;Cúcuta Deportivo;2;1;3;11;3;2;0;4;1;Estadio Metropolitano de Techo
Mar 03 2019 - 7:00pm;Santa Fe;Rionegro Águilas;2;2;4;4;2;3;1;4;1;Estadio Nemesio Camacho El Campín
Mar 03 2019 - 9:00pm;Unión Magdalena;Deportivo Pasto;1;0;1;4;4;3;0;5;1;Estadio Sierra Nevada
Mar 03 2019 - 10:00pm;Deportivo Cali;Millonarios;1;1;2;6;0;3;1;2;1;Estadio Deportivo Cali
Mar 03 2019 - 11:30pm;Envigado;América de Cali;4;1;5;6;4;6;0;1;0;Estadio Polideportivo Sur
Mar 05 2019 - 1:00am;Atlético Huila;Alianza Petrolera;1;2;3;3;4;2;1;3;1;Estadio Guillermo Plazas Alcid
Mar 08 2019 - 12:30am;Patriotas Boyacá;Deportivo Cali;0;3;3;6;2;2;0;4;0;Estadio de La Independencia
Mar 09 2019 - 12:45am;Deportes Tolima;Atlético Huila;0;0;0;7;2;2;0;5;0;Estadio Manuel Murillo Toro
Mar 09 2019 - 10:00pm;Millonarios;Atlético Nacional;1;1;2;4;5;1;0;4;1;Estadio Nemesio Camacho El Campín
Mar 09 2019 - 10:30pm;Alianza Petrolera;La Equidad;2;0;2;5;1;2;0;5;0;Estadio Daniel Villa Zapata
Mar 10 2019 - 12:45am;Junior;Atlético Bucaramanga;0;0;0;7;4;1;0;0;0;Estadio Metropolitano Roberto Meléndez
Mar 10 2019 - 7:00pm;Deportivo Pasto;Deportivo Cali;1;0;1;7;4;5;0;4;1;Estadio Municipal De Ipiales (Ipiales)
Mar 10 2019 - 9:00pm;Patriotas Boyacá;Jaguares de Córdoba;2;1;3;4;1;0;0;2;0;Estadio de La Independencia
Mar 10 2019 - 10:00pm;Independiente Medellín;Santa Fe;1;0;1;4;4;5;0;4;0;Estadio Atanasio Girardot
Mar 10 2019 - 10:00pm;Rionegro Águilas;Envigado;1;3;4;5;3;4;0;4;0;Estadio Alberto Grisales
Mar 10 2019 - 11:00pm;Cúcuta Deportivo;Unión Magdalena;3;1;4;6;6;5;0;6;1;Estadio General Santander
Mar 11 2019 - 1:00am;América de Cali;Once Caldas;3;1;4;6;3;1;0;2;0;Estadio Olímpico Pascual Guerrero
Mar 16 2019 - 8:15pm;Independiente Medellín;Atlético Nacional;2;2;4;4;7;2;0;4;0;Estadio Atanasio Girardot
Mar 16 2019 - 10:00pm;Deportivo Cali;América de Cali;0;1;1;5;0;1;0;5;0;Estadio Deportivo Cali
Mar 16 2019 - 10:30pm;La Equidad;Patriotas Boyacá;2;2;4;3;7;1;0;2;0;Estadio Metropolitano de Techo
Mar 17 2019 - 12:45am;Envigado;Rionegro Águilas;1;1;2;8;4;5;0;4;2;Estadio Polideportivo Sur
Mar 17 2019 - 7:00pm;Once Caldas;Deportivo Pasto;0;1;1;5;3;7;0;2;1;Estadio Palogrande
Mar 17 2019 - 8:30pm;Unión Magdalena;Junior;1;1;2;5;2;4;0;3;0;Estadio Sierra Nevada
Mar 17 2019 - 9:00pm;Atlético Huila;Deportes Tolima;1;5;6;5;6;1;1;3;1;Estadio Guillermo Plazas Alcid
Mar 17 2019 - 11:00pm;Jaguares de Córdoba;Alianza Petrolera;0;0;0;7;2;2;0;3;1;Estadio de Fútbol Jaraguay de Montería
Mar 18 2019 - 1:00am;Atlético Bucaramanga;Cúcuta Deportivo;1;0;1;1;9;6;0;3;1;Estadio Alfonso López
Mar 21 2019 - 12:30am;Atlético Nacional;Deportivo Cali;2;2;4;10;6;4;0;4;0;Estadio Atanasio Girardot
Mar 23 2019 - 8:15pm;Deportivo Pasto;Millonarios;1;0;1;6;0;4;0;4;0;Estadio Municipal De Ipiales (Ipiales)
Mar 23 2019 - 10:00pm;Cúcuta Deportivo;Atlético Nacional;1;3;4;4;3;6;0;4;0;Estadio General Santander
Mar 23 2019 - 10:30pm;Alianza Petrolera;Deportivo Cali;1;0;1;6;10;3;0;3;0;Estadio Daniel Villa Zapata
Mar 24 2019 - 12:45am;Deportes Tolima;Unión Magdalena;1;0;1;3;3;3;0;0;1;Estadio Manuel Murillo Toro
Mar 24 2019 - 9:00pm;Independiente Medellín;Envigado;4;1;5;2;7;4;0;3;0;Estadio Atanasio Girardot
Mar 24 2019 - 10:00pm;Junior;Atlético Huila;3;0;3;3;1;1;0;1;0;Estadio Metropolitano Roberto Meléndez
Mar 24 2019 - 11:00pm;América de Cali;Jaguares de Córdoba;1;0;1;7;5;3;0;3;0;Estadio Olímpico Pascual Guerrero
Mar 25 2019 - 1:00am;Santa Fe;Once Caldas;0;2;2;8;1;1;0;1;0;Estadio Nemesio Camacho El Campín
Mar 25 2019 - 10:30pm;Patriotas Boyacá;La Equidad;3;1;4;6;2;0;0;2;0;Estadio de La Independencia
Mar 26 2019 - 12:30am;Rionegro Águilas;Atlético Bucaramanga;1;1;2;7;7;5;0;3;0;Estadio Alberto Grisales
Mar 27 2019 - 11:15pm;Junior;Unión Magdalena;1;1;2;5;5;2;1;5;0;Estadio Metropolitano Roberto Meléndez
Mar 28 2019 - 1:15am;Deportes Tolima;Atlético Nacional;2;1;3;6;8;5;0;1;0;Estadio Manuel Murillo Toro
Mar 28 2019 - 11:00pm;Cúcuta Deportivo;Independiente Medellín;2;2;4;9;3;2;0;4;0;Estadio General Santander
Mar 29 2019 - 1:00am;Millonarios;Santa Fe;1;1;2;4;3;2;0;3;0;Estadio Nemesio Camacho El Campín
Mar 30 2019 - 12:45am;Atlético Huila;Patriotas Boyacá;1;1;2;4;1;2;0;0;0;Estadio Guillermo Plazas Alcid
Mar 30 2019 - 7:00pm;La Equidad;Deportes Tolima;0;0;0;8;4;4;0;2;0;Estadio Metropolitano de Techo
Mar 30 2019 - 9:00pm;Jaguares de Córdoba;Junior;1;1;2;8;5;0;0;0;0;Estadio de Fútbol Jaraguay de Montería
Mar 30 2019 - 10:00pm;Atlético Bucaramanga;América de Cali;0;0;0;4;8;1;1;4;1;Estadio Alfonso López
Mar 30 2019 - 11:00pm;Once Caldas;Rionegro Águilas;2;0;2;7;4;3;0;2;0;Estadio Palogrande
Mar 31 2019 - 1:00am;Atlético Nacional;Deportivo Pasto;0;1;1;2;3;2;0;4;0;Estadio Atanasio Girardot
Mar 31 2019 - 8:15pm;Unión Magdalena;Alianza Petrolera;1;1;2;3;6;3;1;1;0;Estadio Sierra Nevada
Mar 31 2019 - 10:00pm;Deportivo Cali;Cúcuta Deportivo;2;0;2;8;5;2;0;2;0;Estadio Deportivo Cali
Mar 31 2019 - 10:30pm;Millonarios;Independiente Medellín;3;2;5;7;4;0;0;4;1;Estadio Nemesio Camacho El Campín
Apr 01 2019 - 12:30am;Envigado;Santa Fe;0;0;0;6;3;5;0;4;0;Estadio Polideportivo Sur
Apr 02 2019 - 11:00pm;Rionegro Águilas;Atlético Huila;0;0;0;8;7;1;0;4;0;Estadio Alberto Grisales
Apr 03 2019 - 1:00am;América de Cali;La Equidad;1;3;4;17;2;1;0;6;0;Estadio Olímpico Pascual Guerrero
Apr 03 2019 - 9:00pm;Envigado;Atlético Bucaramanga;1;2;3;2;5;4;0;3;0;Estadio Polideportivo Sur
Apr 03 2019 - 11:00pm;Cúcuta Deportivo;Deportivo Pasto;1;3;4;2;6;3;1;4;0;Estadio General Santander
Apr 04 2019 - 1:00am;Alianza Petrolera;Millonarios;0;2;2;2;3;4;2;3;0;Estadio Daniel Villa Zapata
Apr 04 2019 - 11:00pm;Santa Fe;Jaguares de Córdoba;0;0;0;6;5;4;0;3;1;Estadio Nemesio Camacho El Campín
Apr 05 2019 - 1:00am;Independiente Medellín;Once Caldas;1;1;2;2;4;5;0;5;1;Estadio Atanasio Girardot
Apr 06 2019 - 8:15pm;Unión Magdalena;Patriotas Boyacá;4;0;4;4;4;3;0;2;1;Estadio Sierra Nevada
Apr 06 2019 - 10:00pm;Atlético Huila;América de Cali;2;1;3;7;7;4;0;1;0;Estadio Guillermo Plazas Alcid
Apr 07 2019 - 1:00am;La Equidad;Junior;2;2;4;5;2;4;0;5;0;Estadio Metropolitano de Techo
Apr 07 2019 - 7:00pm;Deportivo Pasto;Independiente Medellín;1;0;1;3;4;3;0;4;0;Estadio Municipal De Ipiales (Ipiales)
Apr 07 2019 - 9:00pm;Jaguares de Córdoba;Rionegro Águilas;2;0;2;3;9;3;1;3;0;Estadio de Fútbol Jaraguay de Montería
Apr 07 2019 - 10:00pm;Atlético Nacional;Alianza Petrolera;1;0;1;9;4;1;0;3;0;Estadio Atanasio Girardot
Apr 07 2019 - 11:00pm;Atlético Bucaramanga;Santa Fe;2;1;3;2;4;2;0;3;0;Estadio Alfonso López
Apr 08 2019 - 1:00am;Millonarios;Cúcuta Deportivo;1;0;1;4;4;4;0;2;0;Estadio Nemesio Camacho El Campín
Apr 09 2019 - 1:00am;Once Caldas;Envigado;1;0;1;1;3;4;0;1;0;Estadio Palogrande
Apr 13 2019 - 7:00pm;Rionegro Águilas;Unión Magdalena;0;1;1;11;3;2;0;1;0;Estadio Alberto Grisales
Apr 13 2019 - 9:00pm;Once Caldas;Jaguares de Córdoba;0;1;1;11;2;0;0;2;0;Estadio Palogrande
Apr 13 2019 - 11:00pm;Santa Fe;La Equidad;1;1;2;8;2;4;0;2;0;Estadio Nemesio Camacho El Campín
Apr 14 2019 - 1:00am;Independiente Medellín;Atlético Bucaramanga;4;0;4;1;5;2;0;5;1;Estadio Atanasio Girardot
Apr 14 2019 - 8:00pm;Patriotas Boyacá;Millonarios;1;3;4;7;4;2;0;2;0;Estadio de La Independencia
Apr 14 2019 - 8:00pm;Alianza Petrolera;Cúcuta Deportivo;0;1;1;10;2;3;0;5;0;Estadio Daniel Villa Zapata
Apr 14 2019 - 10:00pm;Envigado;Atlético Huila;1;1;2;5;3;0;0;4;1;Estadio Polideportivo Sur
Apr 14 2019 - 10:00pm;Junior;Atlético Nacional;0;0;0;4;1;3;0;3;0;Estadio Metropolitano Roberto Meléndez
Apr 14 2019 - 10:00pm;Deportes Tolima;Deportivo Pasto;0;0;0;2;2;4;0;3;0;Estadio Manuel Murillo Toro
Apr 15 2019 - 12:30am;América de Cali;Deportivo Cali;0;1;1;3;5;2;0;4;0;Estadio Olímpico Pascual Guerrero
Apr 17 2019 - 12:45am;Atlético Bucaramanga;Once Caldas;1;1;2;2;9;3;0;3;0;Estadio Alfonso López
Apr 17 2019 - 7:00pm;Deportivo Pasto;Alianza Petrolera;1;0;1;4;6;3;0;3;0;Estadio Municipal De Ipiales (Ipiales)
Apr 17 2019 - 9:00pm;Jaguares de Córdoba;Envigado;2;2;4;5;3;5;1;2;0;Estadio de Fútbol Jaraguay de Montería
Apr 17 2019 - 11:00pm;Atlético Huila;Santa Fe;0;3;3;5;8;2;0;3;0;Estadio Guillermo Plazas Alcid
Apr 18 2019 - 12:00am;Millonarios;Deportes Tolima;1;2;3;9;3;3;0;5;0;Estadio Nemesio Camacho El Campín
Apr 18 2019 - 1:00am;Deportivo Cali;Junior;0;0;0;4;2;1;0;2;0;Estadio Deportivo Cali
Apr 18 2019 - 8:15pm;Unión Magdalena;América de Cali;0;3;3;7;3;4;1;1;0;Estadio Sierra Nevada
Apr 19 2019 - 12:30am;Atlético Nacional;Patriotas Boyacá;4;0;4;6;3;4;0;5;0;Estadio Atanasio Girardot
Apr 20 2019 - 7:00pm;Once Caldas;La Equidad;1;0;1;4;1;2;0;3;0;Estadio Palogrande
Apr 20 2019 - 7:00pm;Deportes Tolima;Alianza Petrolera;2;2;4;2;4;2;0;5;0;Estadio Manuel Murillo Toro
Apr 20 2019 - 10:00pm;Independiente Medellín;Jaguares de Córdoba;3;0;3;5;6;2;0;2;0;Estadio Atanasio Girardot
Apr 21 2019 - 1:00am;Santa Fe;Deportivo Cali;1;2;3;5;0;4;0;3;0;Estadio Nemesio Camacho El Campín
Apr 21 2019 - 7:00pm;Patriotas Boyacá;Cúcuta Deportivo;1;0;1;7;3;2;0;3;0;Estadio de La Independencia
Apr 21 2019 - 9:00pm;Envigado;Unión Magdalena;1;1;2;5;1;3;0;2;0;Estadio Polideportivo Sur
Apr 21 2019 - 10:30pm;América de Cali;Millonarios;1;1;2;6;5;2;0;4;0;Estadio Olímpico Pascual Guerrero
Apr 21 2019 - 11:00pm;Junior;Deportivo Pasto;0;0;0;4;3;2;0;3;0;Estadio Metropolitano Roberto Meléndez
Apr 22 2019 - 1:00am;Rionegro Águilas;Atlético Nacional;2;1;3;7;5;5;0;3;1;Estadio Alberto Grisales
Apr 23 2019 - 1:00am;Atlético Bucaramanga;Atlético Huila;2;4;6;5;4;4;0;4;0;Estadio Alfonso López
Apr 24 2019 - 9:30pm;La Equidad;Rionegro Águilas;2;2;4;8;1;3;1;4;1;Estadio Metropolitano de Techo
Apr 24 2019 - 11:30pm;Once Caldas;Deportivo Cali;4;0;4;3;7;3;0;4;0;Estadio Palogrande
Apr 25 2019 - 1:30am;Atlético Nacional;Independiente Medellín;1;0;1;3;3;3;0;4;0;Estadio Atanasio Girardot
Apr 27 2019 - 7:00pm;La Equidad;Envigado;0;1;1;10;3;2;1;4;0;Estadio Metropolitano de Techo
Apr 27 2019 - 9:00pm;Unión Magdalena;Santa Fe;3;1;4;5;5;2;0;3;0;Estadio Sierra Nevada
Apr 27 2019 - 10:00pm;Deportivo Cali;Rionegro Águilas;2;1;3;5;4;5;0;7;0;Estadio Deportivo Cali
Apr 27 2019 - 11:00pm;Atlético Nacional;América de Cali;2;0;2;3;2;2;0;1;1;Estadio Atanasio Girardot
Apr 28 2019 - 1:00am;Alianza Petrolera;Independiente Medellín;1;1;2;8;4;1;0;3;0;Estadio Daniel Villa Zapata
Apr 28 2019 - 7:00pm;Deportivo Pasto;Patriotas Boyacá;1;1;2;4;1;4;0;3;0;Estadio Municipal De Ipiales (Ipiales)
Apr 28 2019 - 9:00pm;Jaguares de Córdoba;Atlético Bucaramanga;1;1;2;4;1;1;0;1;1;Estadio de Fútbol Jaraguay de Montería
Apr 28 2019 - 10:00pm;Millonarios;Junior;2;0;2;6;4;6;0;4;0;Estadio Nemesio Camacho El Campín
Apr 28 2019 - 11:00pm;Atlético Huila;Once Caldas;1;0;1;6;5;3;0;1;0;Estadio Guillermo Plazas Alcid
Apr 29 2019 - 1:00am;Cúcuta Deportivo;Deportes Tolima;0;2;2;7;4;3;0;5;0;Estadio General Santander
May 01 2019 - 12:00am;Envigado;Atlético Nacional;4;0;4;1;7;6;0;4;0;Estadio Polideportivo Sur
May 01 2019 - 7:00pm;Patriotas Boyacá;Deportes Tolima;1;0;1;5;3;2;0;5;1;Estadio de La Independencia
May 01 2019 - 9:00pm;Rionegro Águilas;Deportivo Pasto;2;1;3;5;2;4;0;6;1;Estadio Alberto Grisales
May 01 2019 - 11:00pm;Jaguares de Córdoba;La Equidad;1;1;2;5;0;1;0;2;0;Estadio de Fútbol Jaraguay de Montería
May 01 2019 - 11:00pm;Santa Fe;Millonarios;0;0;0;5;3;4;0;4;1;Estadio Nemesio Camacho El Campín
May 02 2019 - 1:00am;Independiente Medellín;Atlético Huila;2;1;3;3;4;2;0;3;0;Estadio Atanasio Girardot
May 02 2019 - 9:15pm;Atlético Bucaramanga;Unión Magdalena;0;1;1;2;7;3;0;1;0;Estadio Alfonso López
May 02 2019 - 11:15pm;Junior;Alianza Petrolera;1;1;2;4;2;4;0;5;0;Estadio Metropolitano Roberto Meléndez
May 03 2019 - 1:15am;América de Cali;Cúcuta Deportivo;2;0;2;3;6;5;0;2;0;Estadio Olímpico Pascual Guerrero
May 05 2019 - 12:45am;Atlético Huila;Jaguares de Córdoba;0;2;2;5;3;3;0;2;0;Estadio Guillermo Plazas Alcid
May 05 2019 - 8:30pm;Deportes Tolima;Independiente Medellín;0;1;1;10;6;3;0;1;0;Estadio Manuel Murillo Toro
May 05 2019 - 8:30pm;Alianza Petrolera;Patriotas Boyacá;3;0;3;0;0;0;0;1;0;Estadio Daniel Villa Zapata
May 05 2019 - 8:30pm;Cúcuta Deportivo;Junior;2;1;3;1;0;2;0;0;0;Estadio General Santander
May 05 2019 - 8:30pm;Deportivo Pasto;América de Cali;1;1;2;2;5;2;0;4;0;Estadio Municipal De Ipiales (Ipiales)
May 05 2019 - 8:30pm;Atlético Nacional;Santa Fe;2;1;3;7;4;1;0;4;0;Estadio Atanasio Girardot
May 05 2019 - 8:30pm;Deportivo Cali;Envigado;1;0;1;-1;-1;3;0;3;0;Estadio Deportivo Cali
May 05 2019 - 8:30pm;Unión Magdalena;Once Caldas;1;0;1;3;2;2;0;4;1;Estadio Sierra Nevada
May 05 2019 - 10:30pm;Millonarios;Rionegro Águilas;1;1;2;4;2;2;0;3;0;Estadio Nemesio Camacho El Campín
May 05 2019 - 10:30pm;La Equidad;Atlético Bucaramanga;3;1;4;3;0;1;0;1;0;Estadio Metropolitano de Techo
May 11 2019 - 8:45pm;Unión Magdalena;Deportivo Pasto;1;3;4;4;3;1;0;3;0;Estadio Sierra Nevada (Santa Marta)
May 12 2019 - 10:00pm;América de Cali;Millonarios;1;2;3;6;2;2;0;7;2;Estadio Olímpico Pascual Guerrero (Santiago de Cali)
May 13 2019 - 12:00am;Junior;Atlético Nacional;0;0;0;12;0;1;0;1;0;Estadio Metropolitano Roberto Meléndez (Barranquilla)
May 14 2019 - 12:45am;Deportes Tolima;Deportivo Cali;1;1;2;4;5;1;0;3;0;Estadio Manuel Murillo Toro (Ibagué)
May 15 2019 - 7:30pm;Deportivo Pasto;América de Cali;1;0;1;7;8;2;0;3;0;Estadio Municipal De Ipiales (Ipiales)
May 16 2019 - 1:00am;Millonarios;Unión Magdalena;1;0;1;2;3;2;0;4;0;Estadio Nemesio Camacho El Campín (Bogotá- D.C.)
May 17 2019 - 12:00am;Deportivo Cali;Junior;1;2;3;7;2;4;1;2;0;Estadio Deportivo Cali (Palmira)
May 17 2019 - 1:00am;Atlético Nacional;Deportes Tolima;1;2;3;10;3;2;0;3;0;Estadio Atanasio Girardot (Medellín)
May 18 2019 - 7:00pm;Deportivo Pasto;Millonarios;1;1;2;3;7;3;0;5;0;Estadio Municipal De Ipiales (Ipiales)
May 18 2019 - 8:30pm;Unión Magdalena;América de Cali;0;2;2;2;8;3;0;2;0;Estadio Sierra Nevada (Santa Marta)
May 19 2019 - 10:00pm;Atlético Nacional;Deportivo Cali;1;3;4;3;7;1;0;3;0;Estadio Atanasio Girardot (Medellín)
May 20 2019 - 12:00am;Junior;Deportes Tolima;1;1;2;6;4;1;0;5;0;Estadio Metropolitano Roberto Meléndez (Barranquilla)
May 23 2019 - 1:00am;América de Cali;Unión Magdalena;4;0;4;1;5;1;0;4;0;Estadio Olímpico Pascual Guerrero (Santiago de Cali)
May 25 2019 - 10:00pm;Millonarios;Deportivo Pasto;1;0;1;3;2;2;0;3;0;Estadio Nemesio Camacho El Campín (Bogotá- D.C.)
May 26 2019 - 10:15pm;Deportes Tolima;Junior;1;1;2;6;2;3;0;2;1;Estadio Manuel Murillo Toro (Ibagué)
May 27 2019 - 12:30am;Deportivo Cali;Atlético Nacional;0;1;1;8;4;6;0;3;0;Estadio Deportivo Cali (Palmira)
Jun 01 2019 - 9:00pm;Unión Magdalena;Millonarios;1;1;2;3;3;4;0;1;0;Estadio Sierra Nevada (Santa Marta)
Jun 01 2019 - 11:00pm;América de Cali;Deportivo Pasto;0;3;3;3;1;4;2;4;0;Estadio Olímpico Pascual Guerrero (Santiago de Cali)
Jun 02 2019 - 10:30pm;Deportes Tolima;Atlético Nacional;2;1;3;6;4;1;0;3;0;Estadio Manuel Murillo Toro (Ibagué)
Jun 03 2019 - 12:15am;Junior;Deportivo Cali;2;0;2;5;4;2;0;2;0;Estadio Metropolitano Roberto Meléndez (Barranquilla)
Jun 05 2019 - 8:30pm;Deportivo Pasto;Unión Magdalena;3;0;3;1;0;5;0;2;0;Estadio Municipal De Ipiales (Ipiales)
Jun 05 2019 - 8:30pm;Millonarios;América de Cali;1;2;3;7;7;3;0;1;1;Estadio Nemesio Camacho El Campín (Bogotá- D.C.)
Jun 05 2019 - 11:00pm;Atlético Nacional;Junior;2;3;5;14;2;0;0;2;0;Estadio Atanasio Girardot (Medellín)
Jun 05 2019 - 11:00pm;Deportivo Cali;Deportes Tolima;1;2;3;10;16;0;0;0;0;Estadio Deportivo Cali (Palmira)
Jun 09 2019 - 12:30am;Junior;Deportivo Pasto;1;0;1;3;0;2;0;1;0;Estadio Metropolitano Roberto Meléndez (Barranquilla)
Jun 13 2019 - 12:45am;Deportivo Pasto;Junior;1;0;1;7;3;5;0;4;0;Estadio Nemesio Camacho El Campín (Bogotá- D.C.)
Jul 13 2019 - 8:15pm;Atlético Huila;La Equidad;3;2;5;6;6;4;0;0;0;Estadio Guillermo Plazas Alcid (Neiva)
Jul 13 2019 - 10:00pm;Junior;Deportes Tolima;1;0;1;1;3;3;0;0;0;Estadio Metropolitano Roberto Meléndez (Barranquilla)
Jul 13 2019 - 10:15pm;Jaguares de Córdoba;Unión Magdalena;1;0;1;3;1;1;0;4;0;Estadio de Fútbol Jaraguay de Montería (Montería)
Jul 14 2019 - 12:45am;Once Caldas;Atlético Nacional;1;2;3;2;3;1;0;1;0;Estadio Palogrande (Manizales)
Jul 14 2019 - 8:15pm;Deportivo Pasto;Santa Fe;0;0;0;2;10;3;0;3;0;Estadio Municipal De Ipiales (Ipiales)
Jul 14 2019 - 10:00pm;Millonarios;Envigado;1;2;3;7;0;6;0;2;1;Estadio Nemesio Camacho El Campín (Bogotá- D.C.)
Jul 14 2019 - 10:30pm;América de Cali;Alianza Petrolera;2;1;3;8;13;3;0;3;0;Estadio Olímpico Pascual Guerrero (Santiago de Cali)
Jul 15 2019 - 12:30am;Independiente Medellín;Patriotas Boyacá;3;0;3;4;3;0;0;1;0;Estadio Atanasio Girardot (Medellín)
Jul 16 2019 - 12:30am;Rionegro Águilas;Cúcuta Deportivo;1;3;4;2;5;5;0;4;0;Estadio Alberto Grisales (Rionegro- Antioquia)
Jul 17 2019 - 12:45am;Atlético Bucaramanga;Deportivo Cali;0;1;1;4;2;1;0;3;0;Estadio Alfonso López (Bucaramanga)
Jul 20 2019 - 12:30am;Envigado;Deportivo Pasto;1;1;2;5;3;5;0;4;0;Estadio Polideportivo Sur (Envigado)
Jul 20 2019 - 8:15pm;Unión Magdalena;Atlético Huila;0;0;0;9;5;2;0;3;0;Estadio Sierra Nevada (Santa Marta)
Jul 20 2019 - 10:30pm;Deportivo Cali;Jaguares de Córdoba;4;0;4;4;4;2;0;2;0;Estadio Deportivo Cali (Palmira)
Jul 20 2019 - 10:30pm;Cúcuta Deportivo;Santa Fe;1;0;1;4;1;2;0;2;0;Estadio General Santander (Cúcuta)
Jul 21 2019 - 12:45am;Deportes Tolima;América de Cali;0;1;1;7;1;5;0;2;1;Estadio Manuel Murillo Toro (Ibagué)
Jul 21 2019 - 8:45pm;Alianza Petrolera;Rionegro Águilas;2;2;4;9;1;1;0;2;0;Estadio Daniel Villa Zapata (Barrancabermeja)
Jul 21 2019 - 10:00pm;Millonarios;Once Caldas;1;0;1;7;2;2;0;4;0;Estadio Nemesio Camacho El Campín (Bogotá- D.C.)
Jul 21 2019 - 10:45pm;Patriotas Boyacá;Junior;2;0;2;3;1;2;0;3;0;Estadio de La Independencia (Tunja)
Jul 22 2019 - 12:45am;Atlético Nacional;Atlético Bucaramanga;0;0;0;7;2;4;0;3;0;Estadio Atanasio Girardot (Medellín)
Jul 23 2019 - 1:00am;La Equidad;Independiente Medellín;0;1;1;6;0;2;0;3;0;Estadio Metropolitano de Techo (Bogotá- D.C.)
Jul 26 2019 - 12:30am;América de Cali;Patriotas Boyacá;1;1;2;4;4;0;0;5;0;Estadio Olímpico Pascual Guerrero (Santiago de Cali)
Jul 27 2019 - 12:30am;Rionegro Águilas;Deportes Tolima;0;2;2;4;2;2;0;2;0;Estadio Alberto Grisales (Rionegro- Antioquia)
Jul 27 2019 - 8:15pm;Envigado;Cúcuta Deportivo;4;1;5;5;4;3;0;3;1;Estadio Polideportivo Sur (Envigado)
Jul 27 2019 - 10:00pm;Atlético Bucaramanga;Millonarios;1;2;3;2;2;0;0;1;0;Estadio Alfonso López (Bucaramanga)
Jul 27 2019 - 10:30pm;La Equidad;Unión Magdalena;2;0;2;6;3;1;0;3;0;Estadio Metropolitano de Techo (Bogotá- D.C.)
Jul 28 2019 - 12:45am;Once Caldas;Deportivo Pasto;3;1;4;3;4;2;0;1;0;Estadio Palogrande (Manizales)
Jul 28 2019 - 8:15pm;Atlético Huila;Deportivo Cali;2;2;4;3;7;2;0;3;0;Estadio Guillermo Plazas Alcid (Neiva)
Jul 28 2019 - 10:00pm;Jaguares de Córdoba;Atlético Nacional;1;1;2;6;8;0;0;2;1;Estadio de Fútbol Jaraguay de Montería (Montería)
Jul 28 2019 - 10:30pm;Santa Fe;Alianza Petrolera;0;1;1;2;3;2;1;3;0;Estadio Nemesio Camacho El Campín (Bogotá- D.C.)
Jul 29 2019 - 12:30am;Independiente Medellín;Junior;0;1;1;6;1;2;0;3;1;Estadio Atanasio Girardot (Medellín)
Aug 03 2019 - 9:00pm;Unión Magdalena;Independiente Medellín;1;1;2;6;5;4;0;3;0;Estadio Sierra Nevada (Santa Marta)
Aug 03 2019 - 10:00pm;Deportivo Cali;La Equidad;2;0;2;6;2;2;0;2;0;Estadio Deportivo Cali (Palmira)
Aug 03 2019 - 11:00pm;Cúcuta Deportivo;Once Caldas;1;1;2;2;7;3;0;4;0;Estadio General Santander (Cúcuta)
Aug 04 2019 - 1:00am;Millonarios;Jaguares de Córdoba;2;1;3;3;3;2;1;4;0;Estadio Nemesio Camacho El Campín (Bogotá- D.C.)
Aug 04 2019 - 8:45pm;Alianza Petrolera;Envigado;1;0;1;7;1;2;0;5;0;Estadio Daniel Villa Zapata (Barrancabermeja)
Aug 04 2019 - 10:00pm;Junior;América de Cali;0;1;1;5;1;3;1;2;1;Estadio Metropolitano Roberto Meléndez (Barranquilla)
Aug 04 2019 - 10:45pm;Patriotas Boyacá;Rionegro Águilas;2;0;2;3;1;1;0;1;0;Estadio Metropolitano de Techo (Bogotá- D.C.)
Aug 05 2019 - 12:45am;Deportes Tolima;Santa Fe;4;0;4;4;1;0;0;1;0;Estadio Manuel Murillo Toro (Ibagué)
Aug 05 2019 - 8:00pm;Deportivo Pasto;Atlético Bucaramanga;1;1;2;9;3;4;0;2;0;Estadio Municipal De Ipiales (Ipiales)
Aug 07 2019 - 12:45am;Atlético Nacional;Atlético Huila;4;1;5;6;5;3;0;2;0;Estadio Atanasio Girardot (Medellín)
Aug 10 2019 - 12:30am;Once Caldas;Alianza Petrolera;0;0;0;6;3;3;0;4;0;Estadio Palogrande (Manizales)
Aug 10 2019 - 9:00pm;Unión Magdalena;Deportivo Cali;2;0;2;2;7;7;0;1;0;Estadio Sierra Nevada (Santa Marta)
Aug 10 2019 - 10:00pm;La Equidad;Atlético Nacional;0;0;0;6;4;2;0;0;0;Estadio Nemesio Camacho El Campín (Bogotá- D.C.)
Aug 10 2019 - 11:00pm;Envigado;Deportes Tolima;2;1;3;7;8;1;0;2;0;Estadio Polideportivo Sur (Envigado)
Aug 11 2019 - 1:00am;Independiente Medellín;América de Cali;4;1;5;1;6;3;0;3;0;Estadio Atanasio Girardot (Medellín)
Aug 11 2019 - 7:00pm;Santa Fe;Patriotas Boyacá;0;0;0;11;3;3;0;3;0;Estadio Nemesio Camacho El Campín (Bogotá- D.C.)
Aug 11 2019 - 9:00pm;Jaguares de Córdoba;Deportivo Pasto;1;1;2;4;4;3;0;6;0;Estadio de Fútbol Jaraguay de Montería (Montería)
Aug 11 2019 - 10:00pm;Atlético Huila;Millonarios;1;1;2;3;4;6;0;2;0;Estadio Guillermo Plazas Alcid (Neiva)
Aug 11 2019 - 11:00pm;Rionegro Águilas;Junior;1;0;1;5;6;4;0;1;0;Estadio Alberto Grisales (Rionegro- Antioquia)
Aug 12 2019 - 1:00am;Atlético Bucaramanga;Cúcuta Deportivo;2;0;2;2;9;3;1;6;0;Estadio Alfonso López (Bucaramanga)
Aug 17 2019 - 12:30am;Patriotas Boyacá;Envigado;3;0;3;1;1;3;0;1;0;Estadio de La Independencia (Tunja)
Aug 17 2019 - 8:15pm;Millonarios;La Equidad;3;2;5;1;1;1;0;2;0;Estadio Nemesio Camacho El Campín (Bogotá- D.C.)
Aug 17 2019 - 10:00pm;América de Cali;Rionegro Águilas;1;1;2;11;3;3;0;3;0;Estadio Olímpico Pascual Guerrero (Santiago de Cali)
Aug 17 2019 - 10:30pm;Cúcuta Deportivo;Jaguares de Córdoba;1;1;2;12;6;6;0;1;0;Estadio General Santander (Cúcuta)
Aug 18 2019 - 12:45am;Deportes Tolima;Once Caldas;0;0;0;8;3;1;0;1;0;Estadio Manuel Murillo Toro (Ibagué)
Aug 18 2019 - 9:00pm;Alianza Petrolera;Atlético Bucaramanga;1;0;1;2;5;6;1;3;1;Estadio Daniel Villa Zapata (Barrancabermeja)
Aug 18 2019 - 10:00pm;Junior;Santa Fe;1;0;1;4;7;2;1;2;0;Estadio Metropolitano Roberto Meléndez (Barranquilla)
Aug 18 2019 - 11:00pm;Atlético Nacional;Unión Magdalena;3;1;4;4;4;3;1;5;0;Estadio Atanasio Girardot (Medellín)
Aug 19 2019 - 1:00am;Deportivo Cali;Independiente Medellín;1;0;1;5;3;3;0;5;0;Estadio Deportivo Cali (Palmira)
Aug 20 2019 - 7:00pm;Deportivo Pasto;Atlético Huila;4;0;4;5;6;2;0;4;0;Estadio Municipal De Ipiales (Ipiales)
Aug 21 2019 - 9:00pm;Atlético Bucaramanga;Deportes Tolima;1;1;2;6;6;3;0;4;0;Estadio Alfonso López (Bucaramanga)
Aug 21 2019 - 11:00pm;Envigado;Junior;0;0;0;3;10;3;0;1;0;Estadio Polideportivo Sur (Envigado)
Aug 21 2019 - 11:00pm;Once Caldas;Patriotas Boyacá;2;2;4;3;8;4;1;2;1;Estadio Palogrande (Manizales)
Aug 22 2019 - 1:00am;Deportivo Cali;Atlético Nacional;0;0;0;0;2;3;1;2;0;Estadio Deportivo Cali (Palmira)
Aug 22 2019 - 9:00pm;Jaguares de Córdoba;Alianza Petrolera;0;0;0;9;4;2;0;2;0;Estadio de Fútbol Jaraguay de Montería (Montería)
Aug 22 2019 - 11:00pm;Independiente Medellín;Rionegro Águilas;1;2;3;6;2;2;0;5;0;Estadio Atanasio Girardot (Medellín)
Aug 23 2019 - 1:00am;Santa Fe;América de Cali;1;2;3;9;2;5;1;4;0;Estadio Nemesio Camacho El Campín (Bogotá- D.C.)
Aug 24 2019 - 8:15pm;Deportivo Pasto;Unión Magdalena;2;0;2;4;8;3;0;2;0;Estadio Municipal De Ipiales (Ipiales)
Aug 24 2019 - 10:00pm;Junior;Once Caldas;0;1;1;3;2;3;0;2;0;Estadio Metropolitano Roberto Meléndez (Barranquilla)
Aug 24 2019 - 10:30pm;Cúcuta Deportivo;La Equidad;2;1;3;6;2;3;0;2;0;Estadio General Santander (Cúcuta)
Aug 25 2019 - 12:45am;Millonarios;Deportivo Cali;2;1;3;6;1;0;0;2;0;Estadio Nemesio Camacho El Campín (Bogotá- D.C.)
Aug 25 2019 - 6:45pm;Patriotas Boyacá;Atlético Bucaramanga;0;1;1;5;4;3;1;5;0;Estadio de La Independencia (Tunja)
Aug 25 2019 - 8:45pm;Alianza Petrolera;Atlético Huila;1;0;1;5;0;1;0;4;0;Estadio Daniel Villa Zapata (Barrancabermeja)
Aug 25 2019 - 10:00pm;Atlético Nacional;Independiente Medellín;5;2;7;4;4;2;0;5;0;Estadio Atanasio Girardot (Medellín)
Aug 25 2019 - 10:45pm;Rionegro Águilas;Santa Fe;1;0;1;5;8;4;0;1;0;Estadio Alberto Grisales (Rionegro- Antioquia)
Aug 26 2019 - 12:45am;América de Cali;Envigado;1;0;1;4;5;1;0;1;0;Estadio Olímpico Pascual Guerrero (Santiago de Cali)
Aug 27 2019 - 1:00am;Deportes Tolima;Jaguares de Córdoba;2;0;2;2;4;2;0;1;1;Estadio Manuel Murillo Toro (Ibagué)
Aug 31 2019 - 7:00pm;La Equidad;Alianza Petrolera;1;2;3;1;1;2;0;1;0;Estadio Metropolitano de Techo (Bogotá- D.C.)
Aug 31 2019 - 9:00pm;Unión Magdalena;Cúcuta Deportivo;1;2;3;8;4;5;0;3;0;Estadio Sierra Nevada (Santa Marta)
Aug 31 2019 - 10:00pm;Once Caldas;América de Cali;2;1;3;0;3;3;0;3;0;Estadio Palogrande (Manizales)
Aug 31 2019 - 11:00pm;Jaguares de Córdoba;Patriotas Boyacá;1;1;2;5;1;2;0;4;0;Estadio de Fútbol Jaraguay de Montería (Montería)
Sep 01 2019 - 1:00am;Envigado;Rionegro Águilas;3;3;6;2;6;1;0;2;0;Estadio Polideportivo Sur (Envigado)
Sep 01 2019 - 9:00pm;Deportivo Cali;Deportivo Pasto;3;1;4;4;10;2;0;4;0;Estadio Deportivo Cali (Palmira)
Sep 01 2019 - 10:00pm;Santa Fe;Independiente Medellín;2;0;2;1;3;4;0;1;1;Estadio Nemesio Camacho El Campín (Bogotá- D.C.)
Sep 01 2019 - 11:00pm;Atlético Bucaramanga;Junior;0;0;0;10;2;3;0;2;1;Estadio Alfonso López (Bucaramanga)
Sep 01 2019 - 11:00pm;Atlético Huila;Deportes Tolima;0;1;1;4;2;2;0;2;0;Estadio Guillermo Plazas Alcid (Neiva)
Sep 02 2019 - 1:00am;Atlético Nacional;Millonarios;1;1;2;5;3;3;0;5;1;Estadio Atanasio Girardot (Medellín)
Sep 04 2019 - 9:00pm;Unión Magdalena;Millonarios;2;1;3;2;7;4;1;3;1;Estadio Sierra Nevada (Santa Marta)
Sep 04 2019 - 11:00pm;Atlético Huila;Cúcuta Deportivo;1;1;2;5;1;1;0;3;0;Estadio Guillermo Plazas Alcid (Neiva)
Sep 05 2019 - 1:00am;La Equidad;Deportivo Pasto;0;0;0;4;2;3;0;2;0;Estadio Metropolitano de Techo (Bogotá- D.C.)
Sep 07 2019 - 8:00pm;Cúcuta Deportivo;Atlético Bucaramanga;2;0;2;7;3;3;0;5;1;Estadio General Santander (Cúcuta)
Sep 07 2019 - 10:00pm;Rionegro Águilas;Envigado;1;1;2;6;2;4;0;4;0;Estadio Alberto Grisales (Rionegro- Antioquia)
Sep 07 2019 - 10:00pm;Junior;Unión Magdalena;1;0;1;10;4;3;0;3;0;Estadio Metropolitano Roberto Meléndez (Barranquilla)
Sep 08 2019 - 12:00am;Santa Fe;Millonarios;1;0;1;5;1;7;0;4;0;Estadio Nemesio Camacho El Campín (Bogotá- D.C.)
Sep 08 2019 - 6:45pm;Deportivo Pasto;Once Caldas;1;0;1;9;7;4;0;3;0;Estadio Municipal De Ipiales (Ipiales)
Sep 08 2019 - 8:45pm;Alianza Petrolera;Jaguares de Córdoba;1;0;1;11;3;4;0;6;0;Estadio Daniel Villa Zapata (Barrancabermeja)
Sep 08 2019 - 10:00pm;Independiente Medellín;Atlético Nacional;1;4;5;4;5;5;0;2;0;Estadio Atanasio Girardot (Medellín)
Sep 08 2019 - 10:45pm;Deportes Tolima;Atlético Huila;0;0;0;6;2;2;0;6;0;Estadio Manuel Murillo Toro (Ibagué)
Sep 09 2019 - 12:45am;América de Cali;Deportivo Cali;2;1;3;3;6;1;0;3;1;Estadio Olímpico Pascual Guerrero (Santiago de Cali)
Sep 10 2019 - 12:00am;Patriotas Boyacá;La Equidad;1;1;2;4;5;1;0;3;0;Estadio de La Independencia (Tunja)
Sep 14 2019 - 12:30am;Atlético Bucaramanga;Rionegro Águilas;2;0;2;3;10;6;0;4;0;Estadio Alfonso López (Bucaramanga)
Sep 14 2019 - 8:15pm;Unión Magdalena;Deportes Tolima;1;2;3;1;3;2;0;2;0;Estadio Sierra Nevada (Santa Marta)
Sep 14 2019 - 10:00pm;Once Caldas;Santa Fe;0;1;1;5;4;3;0;5;0;Estadio Palogrande (Manizales)
Sep 14 2019 - 10:30pm;La Equidad;Patriotas Boyacá;1;0;1;3;3;5;0;1;0;Estadio Metropolitano de Techo (Bogotá- D.C.)
Sep 15 2019 - 12:45am;Atlético Nacional;Cúcuta Deportivo;2;3;5;6;3;1;0;2;0;Estadio Atanasio Girardot (Medellín)
Sep 15 2019 - 8:30pm;Jaguares de Córdoba;América de Cali;2;2;4;4;5;5;1;3;2;Estadio de Fútbol Jaraguay de Montería (Montería)
Sep 15 2019 - 10:00pm;Millonarios;Deportivo Pasto;2;1;3;4;6;4;0;3;0;Estadio Nemesio Camacho El Campín (Bogotá- D.C.)
Sep 15 2019 - 10:45pm;Envigado;Independiente Medellín;2;4;6;8;3;2;0;5;0;Estadio Polideportivo Sur (Envigado)
Sep 16 2019 - 1:00am;Atlético Huila;Junior;1;1;2;1;2;3;0;2;0;Estadio Guillermo Plazas Alcid (Neiva)
Sep 18 2019 - 12:30am;Deportivo Cali;Alianza Petrolera;0;1;1;3;2;4;0;7;0;Estadio Deportivo Cali (Palmira)
Sep 20 2019 - 11:30pm;Deportes Tolima;La Equidad;0;1;1;9;3;3;0;6;0;Estadio Manuel Murillo Toro (Ibagué)
Sep 21 2019 - 7:00pm;Deportivo Pasto;Atlético Nacional;1;2;3;2;2;4;0;2;0;Estadio Municipal De Ipiales (Ipiales)
Sep 21 2019 - 9:00pm;Patriotas Boyacá;Atlético Huila;1;0;1;11;0;2;0;2;0;Estadio de La Independencia (Tunja)
Sep 21 2019 - 10:00pm;Independiente Medellín;Millonarios;1;2;3;9;1;1;0;4;0;Estadio Atanasio Girardot (Medellín)
Sep 21 2019 - 11:00pm;Rionegro Águilas;Once Caldas;1;2;3;6;1;4;0;3;0;Estadio Alberto Grisales (Rionegro- Antioquia)
Sep 22 2019 - 1:00am;América de Cali;Atlético Bucaramanga;1;1;2;8;2;5;0;3;0;Estadio Olímpico Pascual Guerrero (Santiago de Cali)
Sep 22 2019 - 8:15pm;Santa Fe;Envigado;3;0;3;2;6;2;0;4;0;Estadio Nemesio Camacho El Campín (Bogotá- D.C.)
Sep 22 2019 - 10:00pm;Cúcuta Deportivo;Deportivo Cali;1;4;5;10;5;4;0;2;0;Estadio General Santander (Cúcuta)
Sep 22 2019 - 10:20pm;Alianza Petrolera;Unión Magdalena;1;0;1;5;6;6;0;6;0;Estadio Daniel Villa Zapata (Barrancabermeja)
Sep 23 2019 - 12:30am;Junior;Jaguares de Córdoba;3;0;3;7;0;3;0;3;0;Estadio Metropolitano Roberto Meléndez (Barranquilla)
Sep 27 2019 - 12:45am;Millonarios;Alianza Petrolera;2;1;3;3;3;1;0;4;0;Estadio Nemesio Camacho El Campín (Bogotá- D.C.)
Sep 28 2019 - 1:00am;Atlético Huila;Rionegro Águilas;1;1;2;8;5;3;0;5;0;Estadio Guillermo Plazas Alcid (Neiva)
Sep 28 2019 - 7:00pm;Deportivo Pasto;Cúcuta Deportivo;2;1;3;8;4;5;0;5;0;Estadio Municipal De Ipiales (Ipiales)
Sep 28 2019 - 9:00pm;Jaguares de Córdoba;Santa Fe;0;3;3;13;1;2;0;4;0;Estadio de Fútbol Jaraguay de Montería (Montería)
Sep 28 2019 - 10:00pm;Once Caldas;Independiente Medellín;1;1;2;1;5;5;0;4;0;Estadio Palogrande (Manizales)
Sep 28 2019 - 11:00pm;Atlético Bucaramanga;Envigado;2;3;5;10;2;4;0;2;1;Estadio Alfonso López (Bucaramanga)
Sep 29 2019 - 1:00am;Deportivo Cali;Patriotas Boyacá;3;1;4;2;4;2;0;0;1;Estadio Deportivo Cali (Palmira)
Sep 29 2019 - 10:00pm;La Equidad;América de Cali;3;3;6;3;11;4;1;3;0;Estadio Metropolitano de Techo (Bogotá- D.C.)
Sep 30 2019 - 12:30am;Atlético Nacional;Deportes Tolima;1;0;1;7;3;5;0;3;1;Estadio Atanasio Girardot (Medellín)
Sep 30 2019 - 2:00pm;Unión Magdalena;Junior;1;1;2;7;2;4;0;4;0;Estadio Sierra Nevada (Santa Marta)
Oct 01 2019 - 8:30pm;Envigado;Once Caldas;1;3;4;6;6;1;0;6;0;Estadio Polideportivo Sur (Envigado)
Oct 01 2019 - 11:00pm;Rionegro Águilas;Jaguares de Córdoba;3;0;3;4;4;2;0;3;0;Estadio Alberto Grisales (Rionegro- Antioquia)
Oct 02 2019 - 1:00am;Independiente Medellín;Deportivo Pasto;3;1;4;3;4;4;0;4;0;Estadio Atanasio Girardot (Medellín)
Oct 02 2019 - 10:00pm;Alianza Petrolera;Atlético Nacional;0;0;0;4;5;8;0;3;2;Estadio Daniel Villa Zapata (Barrancabermeja)
Oct 02 2019 - 11:00pm;América de Cali;Atlético Huila;0;1;1;8;5;3;0;5;0;Estadio Olímpico Pascual Guerrero (Santiago de Cali)
Oct 03 2019 - 1:00am;Cúcuta Deportivo;Millonarios;3;1;4;3;6;5;0;2;0;Estadio General Santander (Cúcuta)
Oct 03 2019 - 7:00pm;Patriotas Boyacá;Unión Magdalena;1;1;2;10;2;2;0;3;0;Estadio de La Independencia (Tunja)
Oct 03 2019 - 9:00pm;Junior;La Equidad;1;0;1;5;4;4;0;2;0;Estadio Metropolitano Roberto Meléndez (Barranquilla)
Oct 03 2019 - 11:00pm;Deportes Tolima;Deportivo Cali;5;2;7;4;2;2;0;2;0;Estadio Manuel Murillo Toro (Ibagué)
Oct 04 2019 - 1:00am;Santa Fe;Atlético Bucaramanga;2;0;2;3;4;1;0;2;0;Estadio Nemesio Camacho El Campín (Bogotá- D.C.)
Oct 05 2019 - 10:30pm;Jaguares de Córdoba;Once Caldas;2;1;3;9;3;2;0;5;0;Estadio de Fútbol Jaraguay de Montería (Montería)
Oct 05 2019 - 10:30pm;Atlético Huila;Envigado;0;0;0;3;2;2;1;0;0;Estadio Guillermo Plazas Alcid (Neiva)
Oct 06 2019 - 1:00am;Cúcuta Deportivo;Alianza Petrolera;1;1;2;3;5;3;0;3;0;Estadio General Santander (Cúcuta)
Oct 06 2019 - 7:00pm;Deportivo Pasto;Deportes Tolima;0;0;0;9;2;4;0;2;0;Estadio Municipal De Ipiales (Ipiales)
Oct 06 2019 - 8:00pm;Millonarios;Patriotas Boyacá;0;0;0;3;6;3;0;1;0;Estadio Nemesio Camacho El Campín (Bogotá- D.C.)
Oct 06 2019 - 9:00pm;Unión Magdalena;Rionegro Águilas;1;1;2;8;3;4;1;3;0;Estadio Sierra Nevada (Santa Marta)
Oct 06 2019 - 9:00pm;Atlético Nacional;Junior;0;1;1;3;2;2;1;5;0;Estadio Atanasio Girardot (Medellín)
Oct 06 2019 - 10:00pm;Deportivo Cali;América de Cali;3;2;5;6;2;2;0;4;0;Estadio Deportivo Cali (Palmira)
Oct 06 2019 - 11:00pm;La Equidad;Santa Fe;0;3;3;3;4;4;0;3;0;Estadio Metropolitano de Techo (Bogotá- D.C.)
Oct 07 2019 - 1:00am;Atlético Bucaramanga;Independiente Medellín;2;2;4;8;6;5;0;4;0;Estadio Alfonso López (Bucaramanga)
Oct 09 2019 - 12:30am;Envigado;Jaguares de Córdoba;2;0;2;5;6;2;0;2;0;Estadio Polideportivo Sur (Envigado)
Oct 09 2019 - 9:00pm;Alianza Petrolera;Deportivo Pasto;2;2;4;3;5;5;0;0;0;Estadio Daniel Villa Zapata (Barrancabermeja)
Oct 09 2019 - 10:00pm;Deportes Tolima;Millonarios;2;0;2;6;1;2;0;4;1;Estadio Manuel Murillo Toro (Ibagué)
Oct 09 2019 - 11:00pm;América de Cali;Unión Magdalena;2;0;2;2;2;4;1;5;1;Estadio Olímpico Pascual Guerrero (Santiago de Cali)
Oct 10 2019 - 1:00am;Junior;Deportivo Cali;3;0;3;2;8;3;0;4;0;Estadio Metropolitano Roberto Meléndez (Barranquilla)
Oct 10 2019 - 1:00am;Santa Fe;Atlético Huila;0;0;0;10;0;2;0;7;0;Estadio Nemesio Camacho El Campín (Bogotá- D.C.)
Oct 10 2019 - 9:00pm;Rionegro Águilas;La Equidad;0;0;0;8;5;2;0;0;0;Estadio Alberto Grisales (Rionegro- Antioquia)
Oct 10 2019 - 9:00pm;Once Caldas;Atlético Bucaramanga;3;0;3;4;5;2;0;3;0;Estadio Palogrande (Manizales)
Oct 10 2019 - 11:00pm;Patriotas Boyacá;Atlético Nacional;1;2;3;3;8;3;0;2;0;Estadio de La Independencia (Tunja)
Oct 11 2019 - 1:00am;Independiente Medellín;Cúcuta Deportivo;3;0;3;5;8;2;0;2;0;Estadio Atanasio Girardot (Medellín)
Oct 12 2019 - 8:00pm;Deportivo Pasto;Junior;2;1;3;3;6;3;1;2;0;Estadio Municipal De Ipiales (Ipiales)
Oct 12 2019 - 10:00pm;Deportivo Cali;Santa Fe;0;0;0;8;4;4;0;2;0;Estadio Deportivo Cali (Palmira)
Oct 12 2019 - 10:20pm;Alianza Petrolera;Deportes Tolima;0;1;1;2;2;5;2;5;0;Estadio Daniel Villa Zapata (Barrancabermeja)
Oct 13 2019 - 12:45am;Millonarios;América de Cali;1;2;3;1;7;2;1;5;1;Estadio Nemesio Camacho El Campín (Bogotá- D.C.)
Oct 13 2019 - 7:00pm;La Equidad;Once Caldas;1;1;2;3;3;2;0;0;0;Estadio Metropolitano de Techo (Bogotá- D.C.)
Oct 13 2019 - 9:00pm;Unión Magdalena;Envigado;1;0;1;7;0;3;0;4;0;Estadio Sierra Nevada (Santa Marta)
Oct 13 2019 - 10:00pm;Atlético Nacional;Rionegro Águilas;1;0;1;8;8;0;0;3;0;Estadio Atanasio Girardot (Medellín)
Oct 13 2019 - 11:00pm;Jaguares de Córdoba;Independiente Medellín;0;1;1;7;9;3;1;2;1;Estadio de Fútbol Jaraguay de Montería (Montería)
Oct 14 2019 - 1:00am;Cúcuta Deportivo;Patriotas Boyacá;1;0;1;2;5;5;0;2;0;Estadio General Santander (Cúcuta)
Oct 15 2019 - 12:00am;Atlético Huila;Atlético Bucaramanga;1;2;3;3;1;4;0;4;1;Estadio Guillermo Plazas Alcid (Neiva)
Oct 18 2019 - 11:00pm;Envigado;La Equidad;0;0;0;7;1;1;1;5;1;Estadio Polideportivo Sur (Envigado)
Oct 19 2019 - 1:00am;Atlético Bucaramanga;Jaguares de Córdoba;4;0;4;4;9;1;0;4;0;Estadio Alfonso López (Bucaramanga)
Oct 19 2019 - 7:00pm;Patriotas Boyacá;Deportivo Pasto;1;0;1;1;3;2;0;4;0;Estadio de La Independencia (Tunja)
Oct 19 2019 - 9:00pm;Once Caldas;Atlético Huila;1;1;2;6;1;3;0;3;0;Estadio Palogrande (Manizales)
Oct 19 2019 - 10:00pm;América de Cali;Atlético Nacional;2;1;3;4;4;2;0;4;0;Estadio Olímpico Pascual Guerrero (Santiago de Cali)
Oct 19 2019 - 11:00pm;Deportes Tolima;Cúcuta Deportivo;2;1;3;9;7;2;0;2;0;Estadio Manuel Murillo Toro (Ibagué)
Oct 20 2019 - 1:00am;Junior;Millonarios;1;0;1;4;10;2;0;4;1;Estadio Metropolitano Roberto Meléndez (Barranquilla)
Oct 20 2019 - 8:15pm;Rionegro Águilas;Deportivo Cali;1;4;5;5;5;5;0;3;0;Estadio Alberto Grisales (Rionegro- Antioquia)
Oct 20 2019 - 10:00pm;Santa Fe;Unión Magdalena;2;0;2;7;3;5;0;4;0;Estadio Nemesio Camacho El Campín (Bogotá- D.C.)
Oct 21 2019 - 12:45am;Independiente Medellín;Alianza Petrolera;2;0;2;3;9;1;0;2;0;Estadio Atanasio Girardot (Medellín)
Oct 23 2019 - 11:15pm;Atlético Nacional;Envigado;1;1;2;8;3;3;0;5;0;Estadio Atanasio Girardot (Medellín)
Oct 24 2019 - 1:15am;Millonarios;Santa Fe;2;4;6;3;3;3;0;9;0;Estadio Nemesio Camacho El Campín (Bogotá- D.C.)
Oct 24 2019 - 8:30pm;Atlético Huila;Independiente Medellín;0;1;1;6;2;3;0;1;0;Estadio Guillermo Plazas Alcid (Neiva)
Oct 24 2019 - 8:30pm;La Equidad;Jaguares de Córdoba;2;0;2;5;4;5;0;4;0;Estadio Metropolitano de Techo (Bogotá- D.C.)
Oct 24 2019 - 8:30pm;Unión Magdalena;Atlético Bucaramanga;1;2;3;2;4;2;0;5;0;Estadio Sierra Nevada (Santa Marta)
Oct 24 2019 - 8:30pm;Deportivo Pasto;Rionegro Águilas;3;3;6;1;3;2;0;2;0;Estadio Municipal De Ipiales (Ipiales)
Oct 24 2019 - 10:30pm;Alianza Petrolera;Junior;0;0;0;6;0;1;0;4;0;Estadio Daniel Villa Zapata (Barrancabermeja)
Oct 24 2019 - 11:30pm;Deportivo Cali;Once Caldas;2;1;3;7;4;6;0;3;0;Estadio Deportivo Cali (Palmira)
Oct 25 2019 - 1:30am;Deportes Tolima;Patriotas Boyacá;2;1;3;7;5;4;0;3;1;Estadio Manuel Murillo Toro (Ibagué)
Oct 26 2019 - 12:30am;Cúcuta Deportivo;América de Cali;3;1;4;1;7;2;0;1;0;Estadio General Santander (Cúcuta)
Oct 29 2019 - 10:00pm;Atlético Bucaramanga;La Equidad;2;2;4;8;2;2;1;2;0;Estadio Alfonso López (Bucaramanga)
Oct 29 2019 - 10:20pm;Rionegro Águilas;Millonarios;0;0;0;4;7;2;1;1;0;Estadio Alberto Grisales (Rionegro- Antioquia)
Oct 29 2019 - 10:20pm;Once Caldas;Unión Magdalena;3;1;4;8;5;6;0;2;0;Estadio Palogrande (Manizales)
Oct 29 2019 - 10:20pm;Jaguares de Córdoba;Atlético Huila;1;0;1;7;2;4;0;3;2;Estadio de Fútbol Jaraguay de Montería (Montería)
Oct 30 2019 - 12:30am;Independiente Medellín;Deportes Tolima;1;1;2;5;0;1;0;4;0;Estadio Atanasio Girardot (Medellín)
Oct 30 2019 - 12:30am;Patriotas Boyacá;Alianza Petrolera;1;1;2;2;1;1;0;2;0;Estadio de La Independencia (Tunja)
Oct 30 2019 - 12:30am;Junior;Cúcuta Deportivo;0;0;0;5;6;0;0;2;0;Estadio Metropolitano Roberto Meléndez (Barranquilla)
Oct 30 2019 - 12:30am;América de Cali;Deportivo Pasto;1;0;1;2;7;1;0;4;0;Estadio Olímpico Pascual Guerrero (Santiago de Cali)
Oct 30 2019 - 12:30am;Santa Fe;Atlético Nacional;0;0;0;4;4;2;0;3;0;Estadio Nemesio Camacho El Campín (Bogotá- D.C.)
Oct 30 2019 - 12:30am;Envigado;Deportivo Cali;1;1;2;6;2;3;1;2;0;Estadio Polideportivo Sur (Envigado)
Nov 09 2019 - 10:00pm;Santa Fe;América de Cali;2;1;3;6;11;4;0;4;0;Estadio Nemesio Camacho El Campín (Bogotá- D.C.)
Nov 10 2019 - 12:30am;Atlético Nacional;Cúcuta Deportivo;3;1;4;8;5;2;0;3;0;Estadio Atanasio Girardot (Medellín)
Nov 10 2019 - 10:00pm;Junior;Deportes Tolima;1;3;4;7;5;0;0;3;0;Estadio Metropolitano Roberto Meléndez (Barranquilla)
Nov 11 2019 - 12:30am;Alianza Petrolera;Deportivo Cali;3;2;5;1;9;5;0;2;1;Estadio Daniel Villa Zapata (Barrancabermeja)
Nov 14 2019 - 12:00am;Deportes Tolima;Atlético Nacional;1;0;1;1;6;3;0;2;0;Estadio Manuel Murillo Toro (Ibagué)
Nov 14 2019 - 1:30am;Deportivo Cali;Santa Fe;1;0;1;8;5;4;0;2;0;Estadio Deportivo Cali (Palmira)
Nov 15 2019 - 12:00am;Cúcuta Deportivo;Junior;1;3;4;4;4;5;0;3;0;Estadio General Santander (Cúcuta)
Nov 15 2019 - 1:30am;América de Cali;Alianza Petrolera;3;1;4;3;6;4;0;4;0;Estadio Olímpico Pascual Guerrero (Santiago de Cali)
Nov 17 2019 - 7:30pm;Santa Fe;Alianza Petrolera;1;0;1;1;6;6;0;3;0;Estadio Nemesio Camacho El Campín (Bogotá- D.C.)
Nov 17 2019 - 9:30pm;América de Cali;Deportivo Cali;1;0;1;1;4;6;0;4;1;Estadio Olímpico Pascual Guerrero (Santiago de Cali)
Nov 17 2019 - 11:30pm;Atlético Nacional;Junior;2;2;4;11;3;5;0;5;0;Estadio Atanasio Girardot (Medellín)
Nov 18 2019 - 1:30am;Cúcuta Deportivo;Deportes Tolima;0;0;0;8;4;5;0;3;0;Estadio General Santander (Cúcuta)
Nov 20 2019 - 10:00pm;Deportes Tolima;Cúcuta Deportivo;0;1;1;10;2;3;0;1;0;Estadio Manuel Murillo Toro (Ibagué)
Nov 20 2019 - 11:20pm;Alianza Petrolera;Santa Fe;1;1;2;8;3;4;0;6;0;Estadio Daniel Villa Zapata (Barrancabermeja)
Nov 21 2019 - 12:00am;Junior;Atlético Nacional;2;0;2;4;3;4;0;4;0;Estadio Metropolitano Roberto Meléndez (Barranquilla)
Nov 21 2019 - 1:30am;Deportivo Cali;América de Cali;2;1;3;4;1;3;0;3;0;Estadio Deportivo Cali (Palmira)
Nov 23 2019 - 11:00pm;Alianza Petrolera;América de Cali;0;1;1;5;1;5;1;3;0;Estadio Daniel Villa Zapata (Barrancabermeja)
Nov 24 2019 - 8:00pm;Santa Fe;Deportivo Cali;1;1;2;5;2;3;1;2;1;Estadio Nemesio Camacho El Campín (Bogotá- D.C.)
Nov 24 2019 - 10:00pm;Junior;Cúcuta Deportivo;1;0;1;4;0;4;0;3;1;Estadio Metropolitano Roberto Meléndez (Barranquilla)
Nov 24 2019 - 10:00pm;Atlético Nacional;Deportes Tolima;1;1;2;10;3;0;0;3;0;Estadio Atanasio Girardot (Medellín)
Nov 27 2019 - 10:00pm;Cúcuta Deportivo;Atlético Nacional;0;1;1;3;5;5;0;2;0;Estadio General Santander (Cúcuta)
Nov 28 2019 - 12:30am;Deportes Tolima;Junior;2;2;4;4;2;3;0;6;1;Estadio Manuel Murillo Toro (Ibagué)
Nov 29 2019 - 12:30am;Deportivo Cali;Alianza Petrolera;0;0;0;8;2;1;0;4;0;Estadio Deportivo Cali (Palmira)
Nov 29 2019 - 12:30am;América de Cali;Santa Fe;2;0;2;6;7;5;0;7;2;Estadio Olímpico Pascual Guerrero (Santiago de Cali)
Dec 02 2019 - 12:00am;Junior;América de Cali;0;0;0;3;3;1;0;4;0;Estadio Metropolitano Roberto Meléndez (Barranquilla)
Dec 07 2019 - 9:00pm;América de Cali;Junior;2;0;2;2;5;3;0;4;1;Estadio Olímpico Pascual Guerrero (Santiago de Cali)
